City_ID,City,Country,Lat,Lng,Max Temp,Humidity,Cloudiness,Wind Speed,Current Description
0,Hermanus,ZA,-34.4187,19.2345,55.9,90,10,9.01,clear sky
1,Necochea,AR,-38.5473,-58.7368,51.04,95,1,8.14,clear sky
2,Tuktoyaktuk,CA,69.4541,-133.0374,34.72,76,100,8.46,overcast clouds
3,Khasan,RU,42.4308,130.6434,63.3,64,25,5.37,scattered clouds
4,San Quintin,MX,30.4833,-115.95,72.3,71,5,10.83,clear sky
5,Rikitea,PF,-23.1203,-134.9692,74.03,77,100,24.05,overcast clouds
6,Ushuaia,AR,-54.8,-68.3,42.46,70,40,12.66,light rain
7,Tadine,NC,-21.55,167.8833,72.27,55,77,15.75,broken clouds
8,Hilo,US,19.7297,-155.09,84.27,65,1,10.36,clear sky
9,Bundaberg,AU,-24.85,152.35,77.29,46,40,10.0,scattered clouds
10,Traverse City,US,44.7631,-85.6206,51.87,87,90,6.91,overcast clouds
11,Punta Arenas,CL,-53.15,-70.9167,44.55,77,100,5.3,overcast clouds
12,Saint George,US,37.1041,-113.5841,91.94,13,1,1.99,clear sky
13,Mataura,NZ,-46.1927,168.8643,50.49,53,98,8.59,overcast clouds
14,Lebu,CL,-37.6167,-73.65,50.54,86,0,11.59,clear sky
15,Scottsbluff,US,41.8666,-103.6672,71.78,28,72,6.06,broken clouds
16,Barrow,US,71.2906,-156.7887,28.42,80,75,0.0,broken clouds
17,Ust-Koksa,RU,50.2696,85.6108,33.51,65,100,1.68,overcast clouds
18,Albany,US,42.6001,-73.9662,73.85,87,100,13.71,moderate rain
19,Vanimo,PG,-2.6741,141.3028,78.66,86,100,4.9,overcast clouds
20,Puerto Carreno,CO,6.189,-67.4859,76.24,91,100,5.21,overcast clouds
21,Mar Del Plata,AR,-38.0023,-57.5575,51.03,90,79,6.55,broken clouds
22,Moree,AU,-29.4667,149.85,73.42,28,5,8.05,clear sky
23,Resen,MK,41.0889,21.0122,47.57,56,9,2.39,clear sky
24,Tasiilaq,GL,65.6145,-37.6368,35.76,60,78,4.81,broken clouds
25,Butaritari,KI,3.0707,172.7902,82.63,76,6,15.55,light rain
26,Sao Joao Da Barra,BR,-21.6403,-41.0511,66.78,67,22,8.75,few clouds
27,Ntchisi,MW,-13.5278,33.9149,56.16,78,5,3.51,clear sky
28,Jamestown,US,42.097,-79.2353,55.08,79,90,7.0,overcast clouds
29,Ostrovnoy,RU,68.0531,39.5131,43.2,85,11,13.67,few clouds
30,Avarua,CK,-21.2078,-159.775,77.05,50,16,6.91,few clouds
31,Varhaug,NO,58.6147,5.6457,48.88,69,100,14.45,overcast clouds
32,Waipawa,NZ,-41.4122,175.5153,62.92,53,0,10.16,clear sky
33,Port Alfred,ZA,-33.5906,26.891,60.89,81,100,15.59,overcast clouds
34,San Juan De La Maguana,DO,18.8059,-71.2299,74.62,89,100,1.5,overcast clouds
35,Buzdyak,RU,54.5833,54.55,50.72,48,100,14.09,light rain
36,Souillac,MU,-20.5167,57.5167,69.37,80,48,14.88,scattered clouds
37,San Cristobal,VE,7.7669,-72.225,75.38,98,100,3.56,overcast clouds
38,Kruisfontein,ZA,-34.0033,24.7314,54.88,77,100,9.62,overcast clouds
39,Awbari,LY,26.5921,12.7805,78.26,17,4,1.52,clear sky
40,Norman Wells,CA,65.282,-126.8329,37.36,83,100,10.4,overcast clouds
41,Puerto Ayora,EC,-0.7393,-90.3518,69.01,87,65,8.08,broken clouds
42,Grand-Santi,GF,4.25,-54.3833,76.55,73,98,4.59,overcast clouds
43,Mahebourg,MU,-20.4081,57.7,69.26,79,31,15.82,scattered clouds
44,Talnakh,RU,69.4865,88.3972,32.63,79,8,6.71,clear sky
45,Kalmunai,LK,7.4167,81.8167,80.65,78,97,2.01,overcast clouds
46,Bluff,NZ,-46.6,168.3333,50.81,74,90,28.01,overcast clouds
47,Esperance,AU,-33.8667,121.9,56.66,57,47,10.85,scattered clouds
48,Sabang,ID,5.8933,95.3214,81.84,76,29,9.51,scattered clouds
49,Krasnoselkup,RU,65.7,82.4667,34.83,77,100,11.88,overcast clouds
50,Pochutla,MX,15.7432,-96.4661,81.45,85,93,3.65,overcast clouds
51,Saint-Philippe,RE,-21.3585,55.7679,69.35,80,38,11.25,scattered clouds
52,New Norfolk,AU,-42.7826,147.0587,55.76,70,15,5.99,few clouds
53,Chokurdakh,RU,70.6333,147.9167,36.12,78,100,6.15,overcast clouds
54,Gorodishche,RU,48.8045,44.4744,45.48,100,100,2.24,mist
55,Cape Town,ZA,-33.9258,18.4232,56.12,88,7,1.01,clear sky
56,Hithadhoo,MV,-0.6,73.0833,80.13,82,100,17.38,light rain
57,Kodiak,US,57.79,-152.4072,47.71,66,90,12.66,overcast clouds
58,Khargupur,IN,27.3833,81.9833,76.19,91,26,9.64,scattered clouds
59,Kemijarvi,FI,66.7131,27.4306,43.12,85,100,10.63,overcast clouds
60,Otofuke,JP,42.9917,143.2003,57.36,88,75,3.44,broken clouds
61,Noumea,NC,-22.2763,166.4572,75.18,56,23,18.07,few clouds
62,Valparaiso,CL,-33.0393,-71.6273,55.69,80,0,10.16,clear sky
63,Xam Nua,LA,20.4197,104.0439,68.36,97,99,2.13,overcast clouds
64,Mankono,CI,8.0586,-6.1897,71.4,95,99,3.51,overcast clouds
65,Mao,ES,39.8885,4.2658,75.76,83,75,14.97,broken clouds
66,Torbay,CA,47.6666,-52.7314,56.88,89,3,3.0,clear sky
67,Egvekinot,RU,66.3167,-179.1667,27.05,81,100,8.05,overcast clouds
68,Ponta Do Sol,PT,32.6667,-17.1,70.43,62,32,4.5,scattered clouds
69,Tazovskiy,RU,67.4667,78.7,33.39,80,93,10.47,overcast clouds
70,Sitka,US,57.0531,-135.33,57.09,82,90,8.05,overcast clouds
71,Tuatapere,NZ,-46.1333,167.6833,50.83,65,96,10.65,overcast clouds
72,Beloha,MG,-25.1667,45.05,65.57,92,29,10.09,scattered clouds
73,Los Llanos De Aridane,ES,28.6585,-17.9182,69.55,85,75,5.75,broken clouds
74,Dikson,RU,73.5069,80.5464,34.23,72,22,8.7,few clouds
75,Nanortalik,GL,60.1432,-45.2371,35.98,77,55,17.22,broken clouds
76,Guerrero Negro,MX,27.9769,-114.0611,76.33,72,2,16.8,clear sky
77,Cherskiy,RU,68.75,161.3,33.69,68,69,8.12,broken clouds
78,Oda,JP,35.1833,132.5,72.23,68,7,5.77,clear sky
79,Tiksi,RU,71.6872,128.8694,38.1,73,54,22.77,broken clouds
80,Mandan,US,46.8267,-100.8896,73.38,41,1,10.36,clear sky
81,Atar,MR,20.5169,-13.0499,90.3,20,1,7.29,clear sky
82,Mezinovskiy,RU,55.5042,40.3593,46.62,95,100,4.52,overcast clouds
83,Eravur,LK,7.7733,81.6095,79.88,78,100,3.74,overcast clouds
84,Carnarvon,AU,-24.8667,113.6333,71.67,64,0,20.71,clear sky
85,Geraldton,AU,-28.7667,114.6,65.12,67,0,14.97,clear sky
86,Busselton,AU,-33.65,115.3333,58.05,61,0,13.85,clear sky
87,Bengkulu,ID,-3.8004,102.2655,78.87,78,91,3.06,overcast clouds
88,Husavik,IS,66.0449,-17.3389,36.54,93,100,17.76,overcast clouds
89,Klaksvik,FO,62.2266,-6.589,52.72,93,100,26.55,overcast clouds
90,Mackay,AU,-21.15,149.2,75.04,61,16,11.41,few clouds
91,Khatanga,RU,71.9667,102.5,33.64,91,100,5.41,overcast clouds
92,Constitucion,CL,-35.3333,-72.4167,54.68,77,0,8.16,clear sky
93,Fort Morgan,US,40.2503,-103.8,75.85,13,1,9.22,clear sky
94,Moose Factory,CA,51.2585,-80.6094,46.38,74,100,7.9,overcast clouds
95,Haicheng,CN,40.8516,122.7475,63.01,74,100,2.66,overcast clouds
96,East London,ZA,-33.0153,27.9116,64.11,53,34,17.16,scattered clouds
97,Black River,JM,18.0264,-77.8487,80.4,82,63,2.42,broken clouds
98,Westport,US,41.1415,-73.3579,77.76,89,90,1.01,overcast clouds
99,Basco,PH,20.4487,121.9702,84.06,75,21,15.03,few clouds
100,Valdivia,CL,-39.8142,-73.2459,51.89,93,0,1.14,clear sky
101,Yellowknife,CA,62.456,-114.3525,45.48,73,100,4.0,overcast clouds
102,Pocatello,US,42.8713,-112.4455,69.48,34,1,5.99,clear sky
103,Kavieng,PG,-2.5744,150.7967,84.83,67,100,11.34,overcast clouds
104,Chuy,UY,-33.6971,-53.4616,54.27,96,56,5.41,broken clouds
105,Lavrentiya,RU,65.5833,-171.0,33.26,68,100,4.56,overcast clouds
106,Port Elizabeth,ZA,-33.918,25.5701,57.09,81,100,12.06,overcast clouds
107,Mon,IN,26.75,95.1,71.49,97,82,2.01,broken clouds
108,Nikolskoye,RU,59.7035,30.7861,46.29,88,100,11.32,overcast clouds
109,Guangzhou,CN,23.1167,113.25,84.15,65,4,7.58,light rain
110,Brae,GB,60.3964,-1.353,53.51,95,100,25.79,overcast clouds
111,Vila Velha,BR,-20.3297,-40.2925,66.15,77,75,5.75,broken clouds
112,Hammerfest,NO,70.6634,23.6821,45.05,70,0,12.66,light rain
113,Qui Nhon,VN,13.7667,109.2333,78.21,81,100,2.17,overcast clouds
114,Saskylakh,RU,71.9167,114.0833,33.58,98,100,10.02,light rain
115,Saint-Augustin,CA,51.226,-58.6502,46.98,90,83,4.99,broken clouds
116,Karpogory,RU,64.0019,44.4451,43.29,87,100,7.65,overcast clouds
117,Roma,US,43.2128,-75.4557,68.5,94,90,4.61,overcast clouds
118,Balakhninskiy,RU,58.0106,114.2769,41.95,72,18,1.74,few clouds
119,Thompson,CA,55.7435,-97.8558,48.36,100,90,5.75,overcast clouds
120,Kapaa,US,22.0752,-159.319,84.18,69,75,3.0,broken clouds
121,Qaanaaq,GL,77.484,-69.3632,16.72,59,100,6.35,overcast clouds
122,Envira,BR,-7.3,-70.2167,74.08,88,89,2.59,overcast clouds
123,Lewiston,US,44.1003,-70.2148,68.65,92,7,3.89,clear sky
124,Kahului,US,20.8947,-156.47,86.02,68,40,21.85,light rain
125,Sinnamary,GF,5.3833,-52.95,80.04,83,21,11.03,few clouds
126,Kilifi,KE,-3.6305,39.8499,74.35,84,15,12.44,few clouds
127,Smidovich,RU,48.6,133.8167,58.03,50,7,7.27,clear sky
128,Bredasdorp,ZA,-34.5322,20.0403,51.49,94,28,5.73,scattered clouds
129,Semnan,IR,35.5729,53.3971,75.04,16,0,6.24,clear sky
130,San Patricio,US,28.017,-97.5169,78.66,43,0,11.39,clear sky
131,Sisimiut,GL,66.9395,-53.6735,28.42,88,100,2.39,light snow
132,Vaini,TO,-21.2,-175.2,82.56,78,75,11.5,broken clouds
133,Bethel,US,41.3712,-73.414,76.5,90,90,1.01,overcast clouds
134,Castro,BR,-24.7911,-50.0119,51.24,92,12,7.52,few clouds
135,Moerai,PF,-22.4333,-151.3333,71.35,66,0,16.89,clear sky
136,Altamira,BR,-3.2033,-52.2064,81.01,64,87,1.52,overcast clouds
137,Hovd,MN,48.0056,91.6419,45.21,40,100,5.48,overcast clouds
138,Beringovskiy,RU,63.05,179.3167,36.48,78,100,19.53,overcast clouds
139,Lorengau,PG,-2.0226,147.2712,83.77,73,100,10.29,overcast clouds
140,Provideniya,RU,64.3833,-173.3,33.91,75,90,11.18,light rain and snow
141,Salalah,OM,17.0151,54.0924,82.49,83,75,5.75,broken clouds
142,Ilulissat,GL,69.2167,-51.1,24.82,74,75,2.3,light snow
143,Faanui,PF,-16.4833,-151.75,78.28,70,3,14.32,clear sky
144,Padang,ID,-0.9492,100.3543,77.05,78,74,2.35,broken clouds
145,Taoudenni,ML,22.6783,-3.9836,92.28,9,0,2.98,clear sky
146,Bhainsdehi,IN,21.6467,77.6325,70.66,93,89,2.93,overcast clouds
147,Shubarshi,KZ,48.5872,57.1869,53.31,41,100,18.28,overcast clouds
148,Faya,SA,18.3851,42.4509,64.92,47,21,1.05,few clouds
149,Opuwo,NA,-18.0607,13.84,73.11,18,3,1.83,clear sky
150,Dunedin,NZ,-45.8742,170.5036,57.88,42,8,11.27,clear sky
151,Cabo San Lucas,MX,22.8909,-109.9124,89.51,75,20,3.0,few clouds
152,Margate,GB,51.3813,1.3862,60.69,91,6,1.99,clear sky
153,Broome,US,42.2506,-75.833,64.38,77,90,3.0,overcast clouds
154,Luderitz,NA,-26.6481,15.1594,58.57,63,39,12.26,scattered clouds
155,Shimoda,JP,34.6667,138.95,78.21,68,34,8.59,scattered clouds
156,Aklavik,CA,68.2191,-135.0107,32.7,80,100,4.7,overcast clouds
157,Muswellbrook,AU,-32.2667,150.9,73.02,35,1,11.27,clear sky
158,Minna,NG,9.6139,6.5569,73.42,91,100,2.64,overcast clouds
159,Champerico,GT,14.3,-91.9167,85.35,77,100,4.45,overcast clouds
160,Neuquen,AR,-38.9516,-68.0591,58.89,55,0,0.0,clear sky
161,Zyryanka,RU,65.75,150.85,45.07,58,100,3.78,overcast clouds
162,Caravelas,BR,-17.7125,-39.2481,70.97,65,61,10.45,broken clouds
163,Gamba,GA,-2.65,10.0,75.24,86,98,3.58,overcast clouds
164,Shumikha,RU,55.2261,63.2961,35.71,76,6,6.6,clear sky
165,Banda Aceh,ID,5.5577,95.3222,81.84,70,41,6.29,scattered clouds
166,Fort-Shevchenko,KZ,44.5086,50.263,70.65,35,97,30.15,overcast clouds
167,Wanning,CN,18.8003,110.3967,81.72,87,100,13.73,heavy intensity rain
168,Maragogi,BR,-9.0122,-35.2225,76.06,87,49,9.62,scattered clouds
169,Olinda,BR,-8.0089,-34.8553,78.53,73,40,10.36,scattered clouds
170,Kaitangata,NZ,-46.2817,169.8464,56.17,48,23,11.83,few clouds
171,Wattegama,LK,6.7989,81.4808,77.92,81,100,2.91,overcast clouds
172,Mercedes,AR,-34.6515,-59.4307,59.18,93,9,5.5,clear sky
173,Paramonga,PE,-10.6667,-77.8333,62.04,87,37,7.16,scattered clouds
174,Mpika,ZM,-11.8343,31.4529,58.39,70,7,6.13,clear sky
175,Pangnirtung,CA,66.1451,-65.7125,30.9,57,41,5.39,scattered clouds
176,Srivardhan,IN,18.0333,73.0167,76.03,89,99,6.24,overcast clouds
177,Northam,GB,51.0333,-4.2167,58.66,94,87,4.34,overcast clouds
178,Hirara,JP,24.8,125.2833,83.34,76,7,16.28,clear sky
179,Bonfim,BR,3.0833,-59.95,78.73,77,100,5.95,overcast clouds
180,Chicama,PE,-7.8447,-79.1469,59.54,81,51,5.01,broken clouds
181,Isangel,VU,-19.55,169.2667,74.71,67,72,15.73,broken clouds
182,Ontario,US,34.0633,-117.6509,91.45,42,75,1.99,smoke
183,Coquimbo,CL,-29.9533,-71.3436,56.93,82,0,3.44,clear sky
184,Hobart,AU,-42.8794,147.3294,56.12,64,40,7.0,scattered clouds
185,Kaeo,NZ,-35.1,173.7833,65.32,70,77,11.72,broken clouds
186,Atuona,PF,-9.8,-139.0333,78.19,75,25,18.66,light rain
187,Yerbogachen,RU,61.2767,108.0108,38.77,93,100,3.09,overcast clouds
188,Zhangjiakou,CN,40.81,114.8794,61.09,92,100,8.03,moderate rain
189,Saldanha,ZA,-33.0117,17.9442,56.01,92,22,1.97,few clouds
190,Tagana-An,PH,9.6972,125.5856,82.24,81,97,3.47,overcast clouds
191,Hasaki,JP,35.7333,140.8333,79.2,60,12,12.44,few clouds
192,Aracati,BR,-4.5617,-37.7697,79.79,76,100,16.24,overcast clouds
193,Fuerte Olimpo,PY,-21.0415,-57.8738,83.71,39,100,9.84,overcast clouds
194,Sergeyevka,KZ,53.88,67.4158,36.72,75,7,4.83,clear sky
195,Asyut,EG,27.181,31.1837,79.11,45,0,7.78,clear sky
196,Arraial Do Cabo,BR,-22.9661,-42.0278,66.87,69,4,14.34,clear sky
197,Havelock,US,34.8791,-76.9013,72.01,92,100,5.53,overcast clouds
198,San Cataldo,IT,37.4841,13.9854,63.18,83,89,4.21,overcast clouds
199,Airai,TL,-8.9266,125.4092,74.8,32,22,2.57,few clouds
200,Jizan,SA,17.3333,42.6667,88.0,67,34,2.13,scattered clouds
201,Amga,RU,60.8953,131.9608,48.43,49,100,3.42,overcast clouds
202,Marienburg,PL,54.0359,19.0266,53.26,76,86,23.2,overcast clouds
203,Daru,PG,-9.0763,143.2092,78.06,84,100,16.26,overcast clouds
204,Birin,NP,26.8865,88.0718,63.7,82,37,2.73,scattered clouds
205,Fort Nelson,CA,58.8053,-122.7002,50.63,44,100,8.16,overcast clouds
206,Talara,PE,-4.5772,-81.2719,65.07,87,57,10.63,broken clouds
207,Rosa Zarate,EC,0.3333,-79.4667,74.21,92,100,3.31,overcast clouds
208,Morant Bay,JM,17.8815,-76.4093,75.61,82,94,2.35,overcast clouds
209,Slave Lake,CA,55.2834,-114.769,49.68,40,100,7.49,overcast clouds
210,Cayenne,GF,4.9333,-52.3333,83.08,82,0,4.0,clear sky
211,Verkhoyansk,RU,67.5447,133.385,43.65,56,87,4.25,overcast clouds
212,Kishi,NG,9.0833,3.85,71.65,94,92,3.47,overcast clouds
213,Hualmay,PE,-11.0964,-77.6139,62.17,85,43,7.65,scattered clouds
214,Labytnangi,RU,66.6572,66.4183,32.72,85,18,4.34,few clouds
215,Tual,ID,-5.6667,132.75,79.92,82,100,19.8,overcast clouds
216,Lagoa,PT,39.05,-27.9833,68.9,64,100,12.97,overcast clouds
217,College,US,64.8569,-147.8028,42.75,53,90,9.22,overcast clouds
218,Iqaluit,CA,63.7506,-68.5145,31.73,93,90,18.41,light snow
219,Batemans Bay,AU,-35.7167,150.1833,75.9,35,0,12.71,clear sky
220,Ilo,PE,-17.6394,-71.3375,60.28,82,86,4.72,overcast clouds
221,Jacmel,HT,18.2342,-72.5347,76.84,86,61,2.04,broken clouds
222,Bemidji,US,47.4736,-94.8803,61.92,62,1,4.61,clear sky
223,Itarema,BR,-2.9248,-39.9167,78.67,83,92,13.51,overcast clouds
224,Zelenets,RU,61.8849,50.7489,37.65,87,81,6.58,broken clouds
225,Salinopolis,BR,-0.6136,-47.3561,80.49,80,39,11.45,scattered clouds
226,Porto Santo,PT,33.072,-16.3415,70.18,68,20,9.22,few clouds
227,Fortuna,US,40.5982,-124.1573,72.86,63,1,1.99,clear sky
228,Sioux Lookout,CA,50.1001,-91.917,55.38,64,96,6.17,overcast clouds
229,Isla Mujeres,MX,21.2311,-86.731,77.05,77,100,8.37,overcast clouds
230,Folldal,NO,62.1325,9.9968,35.06,87,100,4.21,overcast clouds
231,Tashla,RU,51.7716,52.7427,57.43,42,100,19.15,light rain
232,Sosnovka,RU,56.255,51.2842,48.94,76,100,6.93,moderate rain
233,Aripuana,BR,-9.1667,-60.6333,80.91,57,8,3.58,clear sky
234,Komsomolskiy,UZ,40.4272,71.7189,59.72,47,0,9.22,clear sky
235,Samfya,ZM,-11.3649,29.5565,68.85,49,63,11.01,broken clouds
236,San Joaquin,US,37.9333,-121.3011,95.58,22,1,9.22,clear sky
237,Sao Filipe,CV,14.8961,-24.4956,79.09,77,100,6.98,overcast clouds
238,Codrington,AU,-38.2667,141.9667,54.63,65,88,20.31,overcast clouds
239,Uige,AO,-7.6087,15.0613,67.42,84,84,3.36,broken clouds
240,Goderich,CA,43.7501,-81.7165,54.91,91,100,18.9,overcast clouds
241,Sagua La Grande,CU,22.8067,-80.0756,74.39,80,87,4.65,overcast clouds
242,Gat,IL,31.61,34.7642,75.88,100,3,7.36,clear sky
243,Pevek,RU,69.7008,170.3133,29.1,82,96,12.19,overcast clouds
244,Safut,JO,32.0336,35.8332,64.72,77,40,11.5,haze
245,Paamiut,GL,61.994,-49.6678,32.34,70,0,17.29,clear sky
246,Garden City,US,42.3256,-83.331,53.55,93,90,11.5,overcast clouds
247,Nizwa,OM,22.9333,57.5333,82.81,53,100,3.91,overcast clouds
248,Tecoanapa,MX,16.5167,-98.75,81.84,83,90,5.77,overcast clouds
249,Kysyl-Syr,RU,63.8986,122.7617,44.28,65,100,8.68,overcast clouds
250,Bandar-E Anzali,IR,37.4727,49.4622,70.0,87,1,2.66,clear sky
251,Mayo,US,38.8876,-76.5119,67.03,73,0,8.01,clear sky
252,Mount Isa,AU,-20.7333,139.5,78.57,18,7,8.05,clear sky
253,Ribeira Grande,PT,38.5167,-28.7,70.21,65,83,10.09,broken clouds
254,Mogapinyana,BW,-22.3667,27.6,56.91,50,0,5.77,clear sky
255,Bajram Curri,AL,42.3554,20.0784,53.73,54,17,2.46,few clouds
256,Teahupoo,PF,-17.8333,-149.2667,76.96,74,0,17.54,light rain
257,Karasburg,NA,-28.0167,18.75,57.31,30,74,5.59,broken clouds
258,Vestmannaeyjar,IS,63.4427,-20.2734,42.46,91,100,26.96,overcast clouds
259,Abha,SA,18.2164,42.5053,64.65,68,20,4.61,few clouds
260,Tucuma,BR,-0.1833,-50.05,79.32,83,95,9.06,overcast clouds
261,Fairbanks,US,64.8378,-147.7164,42.76,54,90,9.22,overcast clouds
262,Darhan,MN,49.4867,105.9228,47.16,63,100,2.35,overcast clouds
263,Eyl,SO,7.9803,49.8164,77.86,78,92,18.07,overcast clouds
264,Longyearbyen,SJ,78.2186,15.6401,44.44,81,75,19.57,light rain
265,Tabira,BR,-7.5908,-37.5394,74.14,74,31,13.2,scattered clouds
266,Nome,US,64.5011,-165.4064,40.15,52,1,9.22,clear sky
267,Ahuimanu,US,21.4447,-157.8378,82.11,70,75,12.66,light rain
268,Angoche,MZ,-16.2325,39.9086,72.61,76,71,10.38,broken clouds
269,Borovskoy,KZ,53.8,64.15,36.72,69,8,6.06,clear sky
270,Bela,IN,25.9333,81.9833,77.63,93,99,9.75,overcast clouds
271,Grand Gaube,MU,-20.0064,57.6608,69.39,86,29,8.99,light rain
272,Severo-Kurilsk,RU,50.6789,156.125,48.56,90,100,26.31,light rain
273,Polunochnoye,RU,60.8697,60.4153,34.61,94,100,2.04,overcast clouds
274,Pangody,RU,65.85,74.4859,34.09,96,100,9.01,overcast clouds
275,Malanje,AO,-9.5402,16.341,64.04,84,75,7.78,broken clouds
276,Half Moon Bay,US,37.4636,-122.4286,94.75,50,40,5.75,scattered clouds
277,Roebourne,AU,-20.7833,117.1333,82.42,28,5,6.6,clear sky
278,Broken Hill,AU,-31.95,141.4333,73.56,21,0,19.71,clear sky
279,Ponta Delgada,PT,37.7333,-25.6667,66.92,77,20,6.91,few clouds
280,Krasyukovskaya,RU,47.5522,40.1088,54.28,94,40,2.24,scattered clouds
281,Reyes,BO,-14.3167,-67.3833,81.54,51,19,4.09,few clouds
282,Rio Grande,BR,-32.035,-52.0986,54.95,89,57,3.69,broken clouds
283,Adrar,MR,20.5022,-10.0711,90.75,14,22,7.18,few clouds
284,Ancud,CL,-41.8697,-73.8203,51.42,87,100,7.45,overcast clouds
285,Lhokseumawe,ID,5.1801,97.1507,79.66,82,45,3.51,scattered clouds
286,Giyani,ZA,-23.3025,30.7187,60.37,42,0,2.44,clear sky
287,Matara,LK,5.9485,80.5353,78.58,88,100,9.22,overcast clouds
288,Marsh Harbour,BS,26.5412,-77.0636,83.43,67,18,2.62,few clouds
289,Pisco,PE,-13.7,-76.2167,61.02,82,0,8.05,clear sky
290,Santiago Del Estero,AR,-27.7951,-64.2615,63.81,27,0,7.27,clear sky
291,Prince Rupert,CA,54.3161,-130.3201,51.89,93,90,23.02,heavy intensity rain
292,Hagerstown,US,39.6418,-77.72,61.7,83,1,1.01,clear sky
293,Dutlwe,BW,-23.9833,23.9,60.04,49,0,12.12,clear sky
294,Port Augusta,AU,-32.5,137.7667,75.7,29,0,7.16,clear sky
295,Deputatskiy,RU,69.3,139.9,36.18,74,49,7.23,scattered clouds
296,Victoria,HK,22.2855,114.1577,87.33,80,33,17.92,scattered clouds
297,Clyde River,CA,70.4692,-68.5914,28.11,72,40,8.59,scattered clouds
298,Koutiala,ML,12.3917,-5.4642,75.76,79,26,7.83,light rain
299,Puerto Del Rosario,ES,28.5004,-13.8627,73.15,78,2,10.36,clear sky
300,Millinocket,US,45.6573,-68.7098,68.02,91,1,0.0,clear sky
301,Sao Felix Do Xingu,BR,-6.6447,-51.995,80.85,44,5,0.45,clear sky
302,Awjilah,LY,29.1081,21.2869,75.65,61,97,12.48,overcast clouds
303,Vila Do Maio,CV,15.1333,-23.2167,79.5,74,100,12.55,overcast clouds
304,Victor Harbor,AU,-35.5667,138.6167,60.91,64,97,17.05,overcast clouds
305,Dumai,ID,1.6833,101.45,77.18,93,86,1.97,overcast clouds
306,Senador Pompeu,BR,-5.5881,-39.3717,80.67,61,68,8.5,broken clouds
307,Chapais,CA,49.7834,-74.8492,49.78,98,100,10.0,overcast clouds
308,Bad Kreuznach,DE,49.8333,7.8667,59.05,80,63,5.77,broken clouds
309,Lazaro Cardenas,MX,17.9583,-102.2,81.77,86,99,4.76,overcast clouds
310,Maniitsoq,GL,65.4167,-52.9,31.37,53,74,6.87,broken clouds
311,Dovers,VC,12.8833,-61.1833,83.71,74,7,12.95,clear sky
312,Kazachinskoye,RU,57.6953,93.2761,32.4,89,48,2.59,scattered clouds
313,Chipinge,ZW,-20.1883,32.6236,51.69,88,0,3.62,clear sky
314,Vao,NC,-22.6667,167.4833,68.04,62,38,15.7,scattered clouds
315,Usinsk,RU,65.9939,57.5281,37.35,94,100,7.38,overcast clouds
316,Udachnyy,RU,66.4167,112.4,38.34,74,100,3.74,overcast clouds
317,Muzhi,RU,65.3667,64.6667,34.77,82,100,2.35,overcast clouds
318,Polonnaruwa,LK,7.9333,81.0,79.18,69,100,3.87,overcast clouds
319,Muros,ES,42.7762,-9.0603,64.24,79,99,9.55,overcast clouds
320,Georgetown,MY,5.4112,100.3354,84.88,77,20,1.01,few clouds
321,Marsa Matruh,EG,31.3525,27.2453,73.51,66,90,17.65,overcast clouds
322,Salvador,SV,13.8333,-88.9167,72.0,94,97,2.1,overcast clouds
323,Kirakira,SB,-10.4544,161.9205,83.75,74,57,9.55,broken clouds
324,Mumbwa,ZM,-14.9783,27.0619,63.57,61,4,4.9,clear sky
325,Omboue,GA,-1.5746,9.2618,76.12,86,100,5.5,overcast clouds
326,Port Lincoln,AU,-34.7333,135.8667,56.32,59,100,16.17,overcast clouds
327,Zhezkazgan,KZ,47.8043,67.7144,40.95,69,0,15.14,clear sky
328,Hami,CN,42.8,93.45,67.44,18,7,4.83,clear sky
329,Gaoua,BF,10.2992,-3.2508,74.61,83,95,4.56,overcast clouds
330,Chimoio,MZ,-19.1164,33.4833,60.66,100,75,0.22,broken clouds
331,Leh,IN,34.1667,77.5833,50.38,64,14,4.45,few clouds
332,Kenai,US,60.5544,-151.2583,47.14,62,90,18.41,light rain
333,Launceston,AU,-41.45,147.1667,55.04,65,40,7.0,scattered clouds
334,Bouar,CF,5.934,15.596,65.1,95,100,2.48,overcast clouds
335,Touros,BR,-5.1989,-35.4608,79.7,78,88,14.45,overcast clouds
336,Hanzhong,CN,33.0728,107.0303,68.54,99,100,2.28,light rain
337,Mangrol,IN,21.1167,70.1167,80.04,81,53,1.97,broken clouds
338,Acari,PE,-15.4311,-74.6158,67.05,74,62,2.51,broken clouds
339,Kosh-Agach,RU,50.0,88.6667,29.66,48,88,1.74,overcast clouds
340,Brandon,US,27.9378,-82.2859,82.85,82,90,1.01,overcast clouds
341,Menongue,AO,-14.6585,17.691,64.0,25,5,4.7,clear sky
342,Chililabombwe,ZM,-12.3648,27.8229,64.74,48,10,7.45,clear sky
343,Vestmanna,FO,62.1564,-7.1664,50.92,100,90,21.85,drizzle
344,Verkh-Usugli,RU,52.7,115.1667,43.79,68,11,1.41,few clouds
345,Dicabisagan,PH,17.0818,122.4157,85.41,69,18,5.97,few clouds
346,Srednekolymsk,RU,67.45,153.6833,39.94,68,93,4.21,overcast clouds
347,Urengoy,RU,65.9667,78.3667,34.66,75,100,10.54,overcast clouds
348,Jacareacanga,BR,-6.2222,-57.7528,71.28,93,93,2.84,overcast clouds
349,Mitla,MX,16.9167,-96.4,66.43,82,78,5.97,broken clouds
350,North Bend,US,43.4065,-124.2243,79.95,72,1,17.27,clear sky
351,Kudahuvadhoo,MV,2.6708,72.8944,82.67,76,97,14.81,overcast clouds
352,Upernavik,GL,72.7868,-56.1549,27.82,94,100,11.65,light snow
353,Acarau,BR,-2.8856,-40.12,78.66,83,100,13.42,overcast clouds
354,Forbes,AU,-33.3833,148.0167,71.2,33,0,13.82,clear sky
355,Manokwari,ID,-0.8667,134.0833,83.01,70,100,6.33,overcast clouds
356,Irbeyskoye,RU,55.6428,95.4522,38.75,96,100,4.85,light rain
357,Dingle,PH,10.9995,122.6711,83.64,78,55,7.11,broken clouds
358,Eureka,US,40.8021,-124.1637,73.13,71,47,4.0,scattered clouds
359,Rokupr,SL,8.6717,-12.395,74.32,98,100,3.24,light rain
360,Elat,IL,29.5581,34.9482,78.03,53,0,5.32,clear sky
361,Sept-Iles,CA,50.2001,-66.3821,52.32,93,75,3.0,broken clouds
362,Tateyama,JP,34.9833,139.8667,80.62,65,29,8.81,scattered clouds
363,Sangar,RU,63.9242,127.4739,41.58,94,100,3.85,light rain
364,Voh,NC,-20.9667,164.7,80.15,37,39,7.74,scattered clouds
365,Nabire,ID,-3.3667,135.4833,82.62,74,100,0.76,overcast clouds
366,Viransehir,TR,37.2353,39.7631,65.79,52,0,4.29,clear sky
367,Yunyang,CN,33.4474,112.7142,71.08,93,100,5.64,heavy intensity rain
368,Srandakan,ID,-7.9386,110.2506,78.64,85,100,2.89,overcast clouds
369,Puerto Suarez,BO,-18.95,-57.8,89.44,34,90,8.23,overcast clouds
370,Salinas,US,36.6777,-121.6555,90.41,76,1,12.66,clear sky
371,Leningradskiy,RU,69.3833,178.4167,28.47,92,100,12.24,overcast clouds
372,Havoysund,NO,70.9963,24.6622,45.48,76,100,24.79,overcast clouds
373,Rawson,AR,-43.3002,-65.1023,61.39,39,100,19.62,overcast clouds
374,Asau,RO,46.4333,26.4,47.32,86,96,7.76,overcast clouds
375,Kabanga,TZ,-2.6386,30.4678,63.95,68,100,2.37,overcast clouds
376,Zaysan,KZ,47.4667,84.8667,43.18,45,100,2.77,overcast clouds
377,Daphne,US,30.6035,-87.9036,71.51,73,1,0.0,clear sky
378,Bilibino,RU,68.0546,166.4372,28.31,78,83,2.95,broken clouds
379,Narrabri,AU,-30.3167,149.7833,72.14,34,33,10.65,scattered clouds
380,Hibbing,US,47.4272,-92.9377,56.66,63,56,5.12,broken clouds
381,Strezhevoy,RU,60.7333,77.5889,39.18,97,100,11.83,light rain
382,Burnie,AU,-41.0667,145.9167,51.35,73,13,23.29,light rain
383,Walvis Bay,NA,-22.9575,14.5053,55.09,73,4,6.96,clear sky
384,Bealanana,MG,-14.55,48.7333,52.36,96,0,3.65,clear sky
385,Sana,YE,15.3547,44.2067,62.58,28,12,8.25,few clouds
386,Shache,CN,38.4167,77.2406,64.51,28,0,5.93,clear sky
387,Alice Springs,AU,-23.7,133.8833,72.95,13,0,5.75,clear sky
388,Seymchan,RU,62.8833,152.4333,47.84,60,59,1.88,broken clouds
389,Wladyslawowo,PL,54.7909,18.4009,53.94,79,8,28.81,clear sky
390,Halifax,CA,44.6453,-63.5724,64.69,95,4,5.01,clear sky
391,Quelimane,MZ,-17.8786,36.8883,67.95,88,20,2.3,few clouds
392,Kinablangan,PH,7.6947,126.5503,85.71,65,100,5.35,overcast clouds
393,Sepuka,TZ,-4.75,34.5333,62.29,66,14,10.42,few clouds
394,Punto Fijo,VE,11.6956,-70.1996,84.18,75,100,18.23,overcast clouds
395,Port Hardy,CA,50.6996,-127.4199,54.66,75,14,4.21,few clouds
396,Amahai,ID,-3.3333,128.9167,77.76,89,100,6.04,light rain
397,Yokadouma,CM,3.5167,15.05,67.57,99,98,1.9,light rain
398,Makakilo City,US,21.3469,-158.0858,80.92,69,90,8.05,light rain
399,Porto Novo,BJ,6.4965,2.6036,76.75,90,96,4.16,light rain
400,Omsukchan,RU,62.5333,155.8,45.73,53,16,3.89,few clouds
401,Hamilton,US,39.1834,-84.5333,59.56,75,1,0.0,clear sky
402,Alihe,CN,50.5667,123.7167,54.45,94,100,3.94,moderate rain
403,Bandarbeyla,SO,9.4942,50.8122,77.92,81,100,22.26,overcast clouds
404,Altay,CN,47.8667,88.1167,47.25,38,100,1.77,overcast clouds
405,Bo Rai,TH,12.5728,102.5371,76.14,97,100,4.18,light rain
406,Wamba,NG,8.9333,8.6,70.18,91,77,3.31,broken clouds
407,San Policarpo,PH,12.1791,125.5072,83.08,82,42,5.75,scattered clouds
408,Zemlyansk,RU,51.9041,38.7334,46.04,88,93,7.07,overcast clouds
409,Ucluelet,CA,48.9329,-125.5528,70.05,79,68,7.25,broken clouds
410,Saint-Pierre,RE,-21.3393,55.4781,69.44,72,0,8.05,clear sky
411,Pangai,TO,-19.8,-174.35,77.11,83,75,6.91,broken clouds
412,Patiya,BD,22.2931,91.9762,77.41,94,100,2.91,light rain
413,Bolobo,CD,-2.1667,16.2333,72.23,80,100,1.39,overcast clouds
414,Colonia,DE,50.9333,6.95,62.83,82,90,8.05,overcast clouds
415,Buala,SB,-8.145,159.5921,84.42,67,100,5.26,overcast clouds
416,Yigou,CN,35.8114,114.3167,66.54,93,100,10.65,light rain
417,Peterhead,GB,57.5058,-1.7981,56.12,92,16,11.95,few clouds
418,Auki,SB,-8.7676,160.7034,85.78,61,100,1.36,overcast clouds
419,Ubinskoye,RU,55.3068,79.6802,34.84,89,100,8.34,overcast clouds
420,Presidencia Roque Saenz Pena,AR,-26.7852,-60.4388,63.07,54,0,3.56,clear sky
421,Lincoln,US,40.8,-96.667,75.29,43,0,1.01,clear sky
422,Campobello Di Licata,IT,37.2584,13.9183,70.45,86,85,4.88,overcast clouds
423,Lubao,PH,14.9167,120.55,87.15,73,65,5.3,broken clouds
424,Hervey Bay,AU,-25.2986,152.8535,77.11,66,0,8.32,clear sky
425,Sosnovo-Ozerskoye,RU,52.5249,111.5418,40.32,73,58,4.56,broken clouds
426,Frankfort,ZA,-27.2667,28.4833,55.81,43,6,5.32,clear sky
427,Katsuura,JP,35.1333,140.3,80.71,66,48,13.82,scattered clouds
428,Korhogo,CI,9.45,-5.6333,71.94,91,89,2.68,light rain
429,Russell,US,32.3502,-85.1999,65.8,89,1,0.0,clear sky
430,Barra Dos Coqueiros,BR,-10.9089,-37.0386,77.02,83,75,16.11,broken clouds
431,Veisiejai,LT,54.1,23.7,47.37,84,77,18.3,broken clouds
432,Tongchuan,CN,35.0806,109.0897,64.81,95,100,3.94,light rain
433,Nuuk,GL,64.1835,-51.7216,32.14,48,29,7.02,scattered clouds
434,Carauari,BR,-4.8828,-66.8958,74.17,96,72,2.82,broken clouds
435,Shanting,CN,35.0753,117.4578,74.05,82,86,16.46,light rain
436,Berdigestyakh,RU,62.0989,126.6992,45.63,87,100,7.0,overcast clouds
437,Harper,LR,4.375,-7.7169,77.13,89,53,6.67,light rain
438,Buraydah,SA,26.326,43.975,79.86,19,5,6.49,clear sky
439,Nanakuli,US,21.3906,-158.1547,82.35,78,90,8.05,overcast clouds
440,Kilindoni,TZ,-7.9139,39.6668,76.64,77,60,12.19,broken clouds
441,Little Current,CA,45.9793,-81.9248,52.41,96,100,8.84,overcast clouds
442,Along,IN,28.1667,94.7667,74.84,92,85,1.23,overcast clouds
443,Vakhtan,RU,57.9659,46.6889,47.3,95,100,11.56,moderate rain
444,Hambantota,LK,6.1241,81.1185,79.14,94,20,2.3,few clouds
445,Charagua,BO,-19.8,-63.2167,63.48,65,99,3.98,overcast clouds
446,San Jose,US,37.3394,-121.895,94.86,36,75,4.0,smoke
447,Sunndalsora,NO,62.6754,8.5515,46.45,93,100,2.39,overcast clouds
448,Kapoeta,SS,4.7717,33.5903,79.75,43,71,5.66,broken clouds
449,Narsaq,GL,60.9167,-46.05,35.82,62,0,3.38,clear sky
450,Lokosovo,RU,61.1333,74.8167,36.72,95,100,10.67,overcast clouds
451,Acapulco,MX,16.8634,-99.8901,84.02,79,75,5.75,broken clouds
452,Spas,UA,48.8899,24.0629,51.87,69,100,24.11,overcast clouds
453,Tymovskoye,RU,50.8456,142.655,51.37,79,91,8.84,overcast clouds
454,Tianpeng,CN,30.9866,103.9393,71.71,89,99,4.32,overcast clouds
455,Santa Isabel,BR,-23.3156,-46.2214,61.41,96,19,2.71,few clouds
456,Atwater,US,37.3477,-120.6091,93.6,25,1,8.05,smoke
457,Vila,PT,42.0304,-8.1588,57.33,94,100,5.19,light rain
458,Saint-Ambroise,CA,48.5501,-71.3324,54.57,91,100,11.77,overcast clouds
459,Mahina,PF,-17.5065,-149.489,82.17,69,40,11.5,light rain
460,Barcelona,ES,41.3888,2.159,69.98,72,0,4.61,clear sky
461,Sahawar,IN,27.8,78.85,77.32,88,9,6.91,clear sky
462,Pacific Grove,US,36.6177,-121.9166,88.25,85,1,1.01,clear sky
463,Hofn,IS,64.2539,-15.2082,42.33,76,100,15.64,overcast clouds
464,Belyy Yar,RU,53.6039,91.3903,31.89,93,40,4.47,scattered clouds
465,Gimbi,ET,9.1667,35.8333,55.15,97,100,1.88,light rain
466,Mataram,ID,-8.5833,116.1167,81.41,80,100,2.84,overcast clouds
467,Strelka,RU,58.0728,93.0344,31.21,89,68,2.51,broken clouds
468,Gao,ML,16.6362,1.637,91.71,32,51,2.37,broken clouds
469,San Luis,AR,-33.295,-66.3356,62.4,37,0,13.85,clear sky
470,Ormara,PK,25.2088,64.6357,80.11,84,100,9.13,overcast clouds
471,Flin Flon,CA,54.7682,-101.865,42.66,92,100,14.61,overcast clouds
472,Chitipa,MW,-9.7024,33.2697,60.33,88,14,4.63,few clouds
473,Cartagena,CO,10.3997,-75.5144,83.82,84,40,3.44,scattered clouds
474,Hobyo,SO,5.3505,48.5268,77.41,85,15,18.99,few clouds
475,Lompoc,US,34.6391,-120.4579,77.11,84,1,9.22,clear sky
476,Kyren,RU,51.6828,102.1408,46.31,71,100,0.72,overcast clouds
477,Adamovka,RU,51.5223,59.9396,41.07,56,96,9.19,overcast clouds
478,Solnechnyy,RU,50.7214,136.6319,57.69,45,0,1.97,clear sky
479,Bonavista,CA,48.6499,-53.1147,54.12,89,80,15.43,broken clouds
480,Ternate,ID,0.8,127.4,81.59,75,100,6.51,overcast clouds
481,Dumas,US,35.8656,-101.9732,78.22,23,1,11.5,clear sky
482,Chernyshevskiy,RU,63.0128,112.4714,39.31,83,100,3.36,overcast clouds
483,Nyurba,RU,63.2842,118.3319,42.73,67,100,3.71,overcast clouds
484,Ixtapa,MX,20.7,-105.2,87.03,79,75,4.61,broken clouds
485,Donskoye,RU,45.4552,41.9741,53.73,91,100,1.9,overcast clouds
486,Cape Coast,GH,5.1053,-1.2466,76.28,92,94,7.99,light rain
487,Naze,JP,28.3667,129.4833,79.54,64,0,13.73,clear sky
488,Grado,ES,43.388,-6.0743,63.25,94,40,8.05,scattered clouds
489,San Pedro,PH,14.35,121.0167,87.31,70,83,4.74,broken clouds
490,Lata,PT,40.1629,-8.3327,60.04,89,100,4.52,overcast clouds
491,Chiny,BE,49.7333,5.3333,53.15,96,1,2.1,clear sky
492,Nizhnevartovsk,RU,60.9344,76.5531,39.22,100,90,4.47,light rain
493,Henties Bay,NA,-22.116,14.2845,54.86,86,0,5.03,clear sky
494,Oak Harbor,US,48.2932,-122.6432,67.51,88,40,3.44,scattered clouds
495,Santa Cruz De La Palma,ES,28.6835,-17.7642,73.54,64,75,5.75,broken clouds
496,Siparia,TT,10.1333,-61.5,82.08,88,5,9.91,clear sky
497,Sugod,PH,12.987,124.0805,84.06,75,46,6.02,scattered clouds
498,Ascension,US,30.2169,-90.9001,70.09,76,1,0.0,clear sky
499,Alofi,NU,-19.0595,-169.9187,80.49,61,40,10.36,scattered clouds
500,Zhigansk,RU,66.7697,123.3711,40.93,74,100,9.51,overcast clouds
501,Magrath,CA,49.4167,-112.8686,59.32,39,100,14.16,overcast clouds
502,Grindavik,IS,63.8424,-22.4338,41.47,81,40,12.66,scattered clouds
503,Ambilobe,MG,-13.2,49.05,65.66,78,0,3.76,clear sky
504,Riyadh,SA,24.6877,46.7219,78.94,20,7,5.79,clear sky
505,Ahipara,NZ,-35.1667,173.1667,60.3,76,100,14.07,overcast clouds
506,Trinidad,BO,-14.8333,-64.9,91.04,30,86,7.67,overcast clouds
507,Vangaindrano,MG,-23.35,47.6,68.54,82,100,4.25,overcast clouds
508,Villarrubia De Los Ojos,ES,39.2209,-3.608,65.03,80,99,12.37,overcast clouds
509,Port Blair,IN,11.6667,92.75,81.5,82,99,10.92,overcast clouds
510,Tyler,US,32.3513,-95.3011,71.65,58,1,0.0,clear sky
511,Kilimatinde,TZ,-5.85,34.95,65.91,61,5,3.22,clear sky
512,Dakoro,NE,14.5106,6.765,85.69,44,92,8.5,overcast clouds
513,Togur,RU,58.3631,82.8265,32.63,98,100,7.4,light snow
514,Coihaique,CL,-45.5752,-72.0662,49.95,76,75,5.75,broken clouds
515,Ereymentau,KZ,51.6199,73.1033,35.19,82,55,5.7,broken clouds
516,Totness,SR,5.8833,-56.3167,80.28,87,62,11.54,broken clouds
517,Yumen,CN,40.2833,97.2,64.26,29,4,2.35,clear sky
518,Dauriya,RU,49.9333,116.8667,48.54,63,8,3.18,clear sky
519,Bonthe,SL,7.5264,-12.505,77.25,87,100,4.72,moderate rain
520,Lasa,IT,46.6166,10.7002,48.02,39,4,5.19,clear sky
521,La Peca,PE,-5.6111,-78.435,67.91,87,56,3.15,light rain
522,Granadilla De Abona,ES,28.1188,-16.576,66.78,65,75,4.61,broken clouds
523,Malakwal,PK,32.5536,73.2123,76.44,85,0,3.94,clear sky
524,Sirjan,IR,29.452,55.6814,67.42,27,0,3.22,clear sky
525,Garowe,SO,8.4054,48.4845,75.85,69,99,19.37,overcast clouds
526,Kumluca,TR,36.3703,30.2869,65.46,47,0,11.05,clear sky
527,Barra,BR,-11.0894,-43.1417,81.28,54,52,13.85,broken clouds
528,Ishigaki,JP,24.3448,124.1572,84.15,74,2,14.32,clear sky
529,Areni,AM,39.7191,45.1799,64.42,44,0,4.94,clear sky
530,Nova Londrina,BR,-22.7658,-52.985,74.71,39,76,6.42,broken clouds
531,Monduli,TZ,-3.3,36.45,60.04,78,95,6.35,overcast clouds
532,Kosa,RU,59.9445,54.9977,35.67,94,89,4.81,overcast clouds
533,Minot,US,48.2325,-101.2963,70.79,29,90,3.0,overcast clouds
534,Anadyr,RU,64.75,177.4833,30.7,100,75,13.42,heavy shower snow
535,Nsoko,SZ,-27.0333,31.95,58.15,95,40,4.72,scattered clouds
536,Solana Beach,US,32.9912,-117.2711,87.87,78,1,1.99,clear sky
537,Oriximina,BR,-1.7656,-55.8661,82.35,59,100,3.96,overcast clouds
538,Abonnema,NG,4.7084,6.7931,74.44,92,93,3.04,overcast clouds
539,Dospat,BG,41.65,24.1667,36.48,75,99,1.52,overcast clouds
540,Palembang,ID,-2.9167,104.7458,77.09,94,20,4.61,few clouds
541,Vadso,NO,70.0744,29.7487,41.88,80,100,19.53,overcast clouds
542,Bay Roberts,CA,47.5999,-53.2648,57.65,91,7,4.0,clear sky
543,Biltine,TD,14.5333,20.9167,84.67,38,4,1.25,clear sky
544,Loucovice,CZ,48.6202,14.2575,55.74,86,49,10.8,scattered clouds
545,Los Zacatones,MX,22.95,-102.05,67.55,47,77,8.37,broken clouds
546,Orcopampa,PE,-15.2661,-72.3417,43.21,98,100,1.36,overcast clouds
547,Fare,PF,-16.7,-151.0167,78.3,70,1,13.85,clear sky
548,Antofagasta,CL,-23.65,-70.4,56.48,81,50,4.74,scattered clouds
549,Honningsvag,NO,70.9821,25.9704,42.33,75,52,20.31,broken clouds
550,Cairns,AU,-16.9167,145.7667,83.1,56,75,17.27,broken clouds
551,Moissala,TD,8.3404,17.7663,70.14,97,100,1.34,overcast clouds
552,Maceio,BR,-9.6658,-35.7353,81.84,78,40,9.22,scattered clouds
553,Parati,BR,-23.2178,-44.7131,62.33,86,94,4.09,overcast clouds
554,Oussouye,SN,12.485,-16.5469,79.32,88,100,4.9,overcast clouds
555,Soyo,AO,-6.1349,12.3689,74.75,85,61,7.11,broken clouds
556,Abu Samrah,SY,35.3029,37.1841,67.1,71,4,18.57,clear sky
557,Barcelos,PT,41.5388,-8.6151,67.91,80,100,5.77,overcast clouds
558,Houston,US,29.7633,-95.3633,77.09,51,20,4.0,few clouds
559,North Battleford,CA,52.7834,-108.2847,51.4,26,58,13.73,broken clouds
560,Salasu De Sus,RO,45.5167,22.95,47.62,61,100,3.62,overcast clouds
561,Reconquista,AR,-29.15,-59.65,63.34,60,0,9.91,clear sky
562,Hays,US,30.0502,-98.0336,78.85,35,100,5.93,overcast clouds
563,Sandviken,SE,60.6167,16.7667,49.42,90,100,16.06,overcast clouds
564,Tihemetsa,EE,58.1462,25.0459,45.61,96,100,11.9,overcast clouds
565,Ningxiang,CN,37.34,111.2052,60.76,91,100,5.5,overcast clouds
566,Umm Kaddadah,SD,13.6017,26.6876,87.33,17,90,10.76,overcast clouds
567,Baykit,RU,61.67,96.37,33.55,96,100,5.01,light rain
568,Bauchi,NG,10.5,10.0,68.83,93,100,4.16,overcast clouds
569,Luanda,AO,-8.8368,13.2343,72.5,84,100,11.1,overcast clouds
570,Jelgava,LV,56.65,23.7128,50.04,96,93,7.78,overcast clouds
571,Ulcinj,ME,41.9294,19.2244,57.42,56,6,5.75,clear sky
572,Vila Franca Do Campo,PT,37.7167,-25.4333,66.61,77,92,6.58,overcast clouds
573,Kenitra,MA,34.261,-6.5802,70.84,78,89,3.11,overcast clouds
574,Peachtree City,US,33.3968,-84.5958,63.18,84,1,0.0,clear sky
575,Lamar,US,33.6668,-95.5836,73.53,45,1,4.61,clear sky
576,La Palma,US,33.8464,-118.0467,91.81,66,1,5.01,clear sky
577,Tezu,IN,27.9167,96.1667,79.0,73,74,1.32,broken clouds
578,Fenoarivo,MG,-18.933,47.4354,55.47,76,75,6.91,broken clouds
579,Cidreira,BR,-30.1811,-50.2056,61.21,95,100,13.49,light rain
580,Virtsu,EE,58.5716,23.5115,48.97,99,100,5.68,moderate rain
581,Honiara,SB,-9.4333,159.95,83.1,78,77,5.37,broken clouds
582,Scarborough,GB,54.2797,-0.4044,60.08,87,13,3.0,few clouds
583,Saint-Joseph,RE,-21.3667,55.6167,68.36,75,17,12.17,few clouds
584,Chihuahua,MX,28.5,-106.0,77.83,40,93,5.08,overcast clouds
585,Ushtobe,KZ,45.2514,77.9838,45.91,32,1,7.74,clear sky
586,Big Rapids,US,43.6981,-85.4837,50.92,92,90,5.75,overcast clouds
587,Ashland,US,40.8167,-82.2665,54.27,86,100,15.68,overcast clouds
588,Namatanai,PG,-3.6667,152.4333,84.6,65,100,6.78,overcast clouds
589,Flinders,AU,-34.5833,150.8552,79.05,44,0,10.0,clear sky
590,Tabuk,PH,17.4189,121.4443,81.75,77,25,2.57,scattered clouds
591,Meulaboh,ID,4.1363,96.1285,79.47,81,38,4.09,scattered clouds
592,Hengyang,CN,26.8881,112.615,87.39,58,6,6.33,clear sky
593,Singaparna,ID,-7.3515,108.111,76.44,81,100,2.39,overcast clouds
594,Karak,JO,31.1667,35.75,60.67,91,29,8.43,scattered clouds
595,Isiro,CD,2.7739,27.616,65.01,100,100,2.19,light rain
596,Ofaqim,IL,31.3141,34.6203,73.74,75,15,7.99,few clouds
597,Dwarka,IN,22.2394,68.9678,80.24,84,94,10.0,overcast clouds
598,Avera,US,33.194,-82.5271,64.71,59,0,5.21,clear sky
599,Valleyview,CA,55.0667,-117.2859,50.43,42,100,1.88,overcast clouds
600,Amberley,US,39.2048,-84.428,58.15,76,1,0.0,clear sky
601,Abeche,TD,13.8292,20.8324,80.47,49,5,3.49,clear sky
602,Roald,NO,62.5833,6.1333,48.34,76,75,6.91,broken clouds
603,Rafai,CF,4.95,23.9167,67.6,99,100,2.82,light rain
604,Voznesenskoye,RU,54.89,42.7569,46.58,93,99,5.35,overcast clouds
605,Brodina,RO,47.8833,25.4167,47.07,75,100,15.46,overcast clouds
606,Axim,GH,4.8699,-2.2405,76.12,93,80,5.93,broken clouds
607,Stillwater,US,36.1156,-97.0584,78.33,42,1,9.8,clear sky
608,Olafsvik,IS,64.8945,-23.7142,43.09,78,100,12.68,overcast clouds
609,Kibaya,TZ,-5.3,36.5667,56.91,83,53,3.78,broken clouds
610,Iranshahr,IR,27.2025,60.6848,83.73,37,1,2.59,clear sky
611,Banjarmasin,ID,-3.3244,114.591,77.14,85,100,3.74,overcast clouds
612,Te Anau,NZ,-45.4167,167.7167,47.25,79,44,9.1,scattered clouds
613,Nouadhibou,MR,20.931,-17.0347,71.24,84,0,18.84,clear sky
614,Kula,TR,38.5473,28.6498,45.46,81,6,3.0,clear sky
615,Bambous Virieux,MU,-20.3428,57.7575,69.22,79,34,15.55,scattered clouds
616,Lupiro,TZ,-8.3833,36.6667,69.01,79,1,4.88,clear sky
617,Kapuskasing,CA,49.4169,-82.4331,44.8,86,100,7.27,light rain
618,Ginir,ET,7.1333,40.7,59.95,81,100,2.98,light rain
619,Portland,US,45.5234,-122.6762,75.61,63,75,1.99,broken clouds
620,Stephenville,US,32.2207,-98.2023,75.29,31,1,6.91,clear sky
621,Yetkul,RU,54.8221,61.588,28.38,76,84,6.46,broken clouds
622,Gidole,ET,5.65,37.3667,59.25,66,100,4.21,overcast clouds
623,Front Royal,US,38.9182,-78.1944,61.63,91,1,3.87,clear sky
624,Erzurum,TR,40.0,41.5,42.48,80,94,5.59,light rain
625,Woodward,US,36.4337,-99.3904,74.43,30,1,6.91,clear sky
626,Severo-Yeniseyskiy,RU,60.3725,93.0408,29.01,96,100,5.19,light snow
627,Oban,GB,56.4127,-5.4706,58.86,97,100,7.54,overcast clouds
628,Phibun Mangsahan,TH,15.2447,105.2291,72.72,97,100,14.2,heavy intensity rain
629,Saint Anthony,US,45.0205,-93.218,64.92,61,1,1.01,clear sky
630,Almaznyy,RU,48.0448,40.045,51.94,85,20,3.2,few clouds
631,Yarada,IN,17.65,83.2667,81.28,82,17,2.84,light rain
632,Gwadar,PK,25.1216,62.3254,78.67,88,100,0.43,overcast clouds
633,Khrebtovaya,RU,56.7032,104.2494,36.1,74,100,1.92,light rain
634,Port Moresby,PG,-9.4431,147.1797,82.45,69,83,5.23,broken clouds
635,Heihe,CN,50.2441,127.4902,54.18,66,100,8.28,overcast clouds
636,Bhanvad,IN,21.9264,69.7736,79.21,85,98,4.41,overcast clouds
637,Bure,ET,10.7,37.0667,55.26,96,92,2.24,overcast clouds
638,Kenora,CA,49.8167,-94.4337,64.38,58,100,6.58,overcast clouds
639,Severnoye,RU,56.3491,78.3619,33.04,93,97,9.46,overcast clouds
640,Lengshuijiang,CN,27.6881,111.4294,84.45,66,8,3.06,clear sky
641,Umm Lajj,SA,25.0213,37.2685,82.18,60,0,8.93,clear sky
642,Plettenberg Bay,ZA,-34.0527,23.3716,57.58,83,12,7.2,few clouds
643,Taltal,CL,-25.4,-70.4833,63.52,63,2,5.48,clear sky
644,Porto Velho,BR,-8.7619,-63.9039,73.45,94,0,0.0,light rain
645,Kamina,CD,-8.7386,24.9906,64.67,41,100,3.4,overcast clouds
646,Ballina,AU,-28.8667,153.5667,78.98,37,0,6.04,clear sky
647,Praya,CV,14.9215,-23.5087,78.39,77,100,10.74,overcast clouds
648,Tabanan,ID,-8.5413,115.1252,79.2,71,100,2.77,overcast clouds
649,Marzuq,YE,14.4,46.4667,74.77,25,14,1.57,few clouds
650,Darnah,LY,32.767,22.6367,72.46,67,13,15.82,few clouds
651,Ouadda,CF,8.0777,22.4007,68.02,96,100,2.82,light rain
652,Tongliao,CN,43.6125,122.2653,62.13,74,100,6.17,overcast clouds
653,Aginskoye,RU,51.1,114.53,47.1,65,36,4.23,scattered clouds
654,Fomboni,KM,-12.28,43.7425,76.44,80,1,13.67,clear sky
655,Mango,US,27.9797,-82.3065,82.85,83,90,4.61,overcast clouds
656,Upata,VE,8.0086,-62.3989,79.2,76,68,3.89,broken clouds
657,Mbaiki,CF,3.8678,17.9892,68.38,98,79,2.01,broken clouds
658,Green River,US,41.5286,-109.4662,66.6,30,39,1.99,scattered clouds
659,Minuri,PH,16.535,121.8574,81.41,80,57,3.18,broken clouds
660,La Paz Centro,NI,12.34,-86.6753,77.59,87,100,1.1,overcast clouds
661,Cockburn Town,TC,21.4612,-71.1419,83.34,75,100,10.54,overcast clouds
662,Bolgar,RU,54.95,49.0667,50.04,91,100,16.58,overcast clouds
663,Suba,PH,10.8438,121.0102,83.82,76,99,16.2,overcast clouds
664,Yerofey Pavlovich,RU,53.9667,121.9667,48.22,88,95,1.32,overcast clouds
665,Yulara,AU,-25.2406,130.9889,73.4,13,12,5.7,few clouds
666,Foam Lake,CA,51.65,-103.5343,53.22,20,2,14.47,clear sky
667,Caluquembe,AO,-13.7833,14.6833,59.18,84,19,3.67,few clouds
668,Kaihua,CN,23.3687,104.28,65.55,91,100,2.93,overcast clouds
669,Raudeberg,NO,61.9875,5.1352,45.27,93,100,7.0,overcast clouds
670,Wajima,JP,37.4,136.9,72.72,73,100,9.42,overcast clouds
671,Winnemucca,US,40.973,-117.7357,75.25,20,1,9.22,clear sky
672,Brebes,ID,-6.8706,109.0369,81.66,72,91,2.08,overcast clouds
673,Puerto Baquerizo Moreno,EC,-0.9,-89.6,69.03,84,30,9.44,scattered clouds
674,Progreso,MX,21.2833,-89.6667,82.11,82,100,5.73,overcast clouds
675,Perafita,PT,41.1825,-8.2545,63.28,88,100,4.61,overcast clouds
676,Conde,BR,-7.2597,-34.9075,74.66,94,20,5.75,few clouds
677,Comodoro Rivadavia,AR,-45.8667,-67.5,64.26,32,0,12.66,clear sky
678,Papara,BR,-3.9839,-38.7273,79.2,93,43,4.5,scattered clouds
679,Pacifica,US,37.6138,-122.4869,94.55,49,40,21.85,scattered clouds
680,Bandhi,PK,26.5861,68.3006,82.27,51,55,7.74,broken clouds
681,Belaya Gora,RU,68.5333,146.4167,42.26,53,100,8.86,overcast clouds
682,Calvinia,ZA,-31.4707,19.776,52.34,39,100,4.59,overcast clouds
683,Madang,PG,-5.2246,145.7966,82.31,72,97,4.18,overcast clouds
684,Cozumel,MX,20.5083,-86.9458,82.99,84,75,3.0,broken clouds
685,Safaga,EG,26.7292,33.9365,84.02,45,0,14.32,clear sky
686,Linxia,CN,35.6003,103.2064,56.61,92,100,8.32,overcast clouds
687,Fontem,CM,5.4685,9.8818,64.98,86,85,2.37,overcast clouds
688,Juxtlahuaca,MX,17.4294,-99.1467,71.31,93,98,0.47,overcast clouds
689,Suhbaatar,MN,50.2314,106.2078,46.94,64,97,3.74,overcast clouds
690,Dese,ET,11.1333,39.6333,53.6,79,66,1.52,broken clouds
